{
  "accuracy": 0.873015873015873,
  "f1": 0.8709677419354839,
  "theta_low": 0.35,
  "theta_high": 0.65,
  "n_samples": 630,
  "separation_gap": 0.6968981682902067,
  "known": {
    "n": 315,
    "mean": 0.1494777716083871,
    "std": 0.23235833906046902
  },
  "unknown": {
    "n": 315,
    "mean": 0.8463759398985938,
    "std": 0.23659866431407717
  },
  "routing": {
    "direct": 284,
    "soft_rag": 48,
    "full_rag": 298
  }
}